{"cameraMode":{"drawMode":0,"name":"Shaded","section":"Shading Mode"},"sceneLighting":false,"audioPlay":false,"sceneViewState":{"showFog":true,"showMaterialUpdate":false,"showSkybox":false,"showFlares":true,"showImageEffects":true,"showParticleSystems":true},"in2DMode":false,"pivot":{"x":-0.4634666442871094,"y":4.128399848937988,"z":0.03569602966308594},"rotation":{"x":0.0016160769155249,"y":0.9927182197570801,"z":-0.11970128864049912,"w":0.013402530923485756},"size":39.155311584472659,"orthographic":false}